x_coord,y_coord
30314.7936,31490.4942
33758.4143,33695.5198
29257.7203,34500.3599
28185.4359,39012.6664
29482.029,38684.1754
29889.3457,39382.8134
29283.7324,39647.8906
31397.2241,39851.6191
29674.8184,40616.875
28777.0707,38973.9528
28267.0582,39151.8344
29257.6457,38619.9953
28134.9305,38989.9965
29421.1502,38526.8611
29595.2539,38514.7606
28117.7689,39172.0389
30669.2379,38959.5487
30234.4145,39354.0323
29489.025,39103.7605
30201.236,39274.274
30004.2224,39370.6063
28950.7223,39184.6976
28960.3285,39294.4158
29961.0968,38457.9118
22359.0217,31801.6379
22474.205,31687.9608
22194.6359,32026.8288
22252.486,31896.9749
22562.8641,32184.9758
22688.3753,32015.1518
22643.9533,31900.5591
22448.9368,32178.436
24649.752,29778.7266
24941.5778,29704.4978
28934.1777,38749.8516
29247.03,38962
29033.1895,39996.3712
28541.14,38785.36
28605.489,38954.8
28388.51,38892.03
28790.02,38777.85
29082.59,38697.07
29684.7366,38554.0251
29446.1477,38906.1139
29735.5099,38818.5301
29789.41,38533.02
30037.566,38313.6296
28236.93,39419.47
28556.67,39153.3
28461.3669,39295.5961
29713.5035,38806.4544
29012.7631,39222.5981
29050.5605,39137.2773
29155.32,39163.04
29150.6699,39318.7539
28152.8391,39115.4784
30042,38931.43
30310.66,38963.49
30443.9088,38715.8847
30474.8188,38904.5192
30367.0774,38445.7028
30309.63,38134.69
28876.2363,38636.7578
30633.47,38267.95
30627.96,38553.32
30675.9559,38735.0223
30887.78,38670.51
30856.9781,38804.1956
30438.53,39214.64
30885.475,39174.8899
30374.18,39154.22
30724.16,39260.19
30703.29,39392.09
28117.6053,39054.6321
29513.9566,39155.7785
29426.2389,39033.615
29508.9218,39208.8091
29401.8671,39382.3378
29464.1325,39466.0892
29538.847,39411.5653
29518.5871,39336.4776
29603.16,39372.68
30762.295,39543.9937
30514.5273,39606.8281
30096.82,39574.31
29789.5613,39690.0448
30241.6957,39172.3075
30904.46,39226.97
28260.64,40279.16
28499.27,40184.22
28727.3335,40428.7342
28960.06,40400.41
28888.4313,38935.4059
28755.4887,40287.5326
28826.1219,40219.911
29136.44,40303.05
28835.3369,40091.5441
29166.97,40069.8164
28597.1669,39798.961
28613.8871,39995.2242
28741.1744,39815.655
28564.0295,39632.2729
29111.67,38975.61
28351.6931,39594.7701
28342.7741,39740.6593
31046.8301,39589.4805
29824.1,38572.16
30582.1,38215.84
30733.8638,38762.2439
29552.24,38701.9
28673.21,39163.93
29232.3606,38900.2315
28882.3578,40440.1317
28556.1477,39318.8058
29612.0323,38838.7824
27837.0334,39020.7488
28433.4999,39885.5496
32174.2918,35098.8104
32444.5217,35453.6678
32229.3617,35383.6726
32410.3926,35271.7364
32375.4954,35170.051
32325.472,35823.9717
32320.0357,35997.2684
32246.0659,35990.7456
30264.1776,30994.7597
18213.6562,36507.8169
18714.471,36997.6927
19831.2917,36294.3127
19860.3631,36409.798
19610.472,36154.6192
19289.8168,36112.2533
18025.9428,36609.4062
18561.8095,36898.4253
18924.8161,38652.2819
30223.1994,36651.8815
30194.9243,36877.2792
29963.6285,36903.1662
30026.4687,36336.1338
30460.9446,36576.481
30394.9029,36366.7901
29598.0859,38339.9922
27751.5586,37825.0781
29656.3321,36775.0947
29707.8648,36779.0905
29749.6768,36749.5862
29818.0559,36839.3645
29830.0702,36912.2681
29576.3203,37491.2812
29668.2541,37471.6058
29684.6992,37553.5273
29704.1126,37637.6725
29639.4805,37778.0547
29400.2617,37725.7422
28121.0801,38268.7852
28240.0745,38359.6695
29460.8559,37726.9889
29421.8945,37882.1133
29486.1335,37915.7452
29279.9809,38026.2842
29146.6066,38113.6749
29086.8281,38164.5
29248.3008,37730.4375
29235.553,37787.1371
29251.7617,37885.625
28962.9515,37918.5499
29675.9231,36514.1566
29037.3835,37710.0917
29249.7223,37516.6532
27812.0967,37767.5494
29152.4171,37599.2039
29963.414,36478.9779
30066.0547,36320.9492
30192.8737,36349.311
30447.9395,36286.4727
30544.5318,36588.7709
29017.3398,34136.332
29050.8796,34252.9453
20505.161,41097.6794
20272.3997,40658.5045
21344.6326,39972.0102
20878.08,39550.76
21026.3461,40101.7077
21162.6537,40303.4372
21452.9618,40246.9897
21485.25,39887.66
21346.1751,40106.9685
21374.3071,39941.9395
21356.3257,39943.2707
20836.1138,40357.2456
20743.2768,40326.2581
20773.5976,40665.0357
20581.8743,39791.6392
20929.1589,40888.8561
21028.24,40876.34
21343.2842,40030.3147
21281.85,39957.43
21005.5592,40580.2986
21145.4428,40760.7142
21254.4996,40638.8302
21059.217,40510.9727
20457.7599,40100.1252
20695.6095,40765.0345
20884.1354,39921.5746
20839.8705,40996.2639
20672.7922,41096.8488
20612.4337,40944.82
21177.2481,40121.6311
20565.9376,41081.058
20498.7021,40997.6232
20434.7146,40912.3617
20361.9478,40819.6691
20221.922,40787.0081
20158.8662,40686.9514
21204.7046,39724.8735
20163.4889,40531.4817
20447.5641,39722.7569
20317.5802,39878.586
20027.2654,40409.2626
20395.5322,40290.7701
20397.9729,40073.9347
20352.8446,41013.5834
20006.0358,40760.5616
21295.8798,39665.1802
21363.991,41123.9328
20226.0907,40152.4974
20134.1254,40120.981
21168.4806,41302.9377
21342.9805,41219.4493
19927.0486,40913.764
19723.7125,40870.4549
19859.549,40799.6812
21095.0855,41051.008
21094.1509,41309.8258
21443.7871,39574.4888
20899.934,41139.0944
20712.1138,41213.883
21108.8428,40690.9971
20985.8418,40364.4597
19702.7354,40739.1965
19584.9139,40909.9744
19616.1105,41031.7585
20950.1385,40814.0823
20182.5515,41087.2501
20260.173,41274.7776
20053.9274,40993.2371
19937.6398,41200.6949
21353.5943,39632.9105
30034.1445,32237.498
30466.3496,32935.1367
30502.0605,32966.8867
30617.8164,32970.7734
30448.766,32767.6002
30019.3942,32184.232
31121.6383,33283.2558
31076.0824,33087.5529
14434.5806,36212.2117
14836.3467,36315.1094
14004.6897,36456.5691
14024.5648,36666.6301
14768.3178,36520.4472
14648.3419,36766.7841
14072.9303,36691.7296
14206.3144,36819.8339
14693.2928,36077.4814
14451.8262,36853.4082
14190.8096,36556.4297
14653.3598,36396.1197
14505.671,36484.5266
14356.1152,36445.4219
26866.0055,29672.9702
25357.1463,29858.3486
25857.7754,30056.6386
25769.3044,30009.7592
25648.7676,29924.1943
25276.6255,30161.1078
26373.3689,29793.0744
25399.6152,29918.9512
26379.7745,29741.6402
25118.4593,29967.6925
25937.1387,29610.3105
26052.9053,29603.6488
26194.9184,29563.3295
25574.8666,30013.7121
26154.2109,29519.0586
26136.5799,29432.235
26367.6248,29465.267
26279.3643,29471.6752
25288.5551,30009.2384
25139.9101,30093.7491
25823.7973,30215.5782
25889.8506,30167.4343
27059.7441,28364.7207
27297.2734,28508.1074
29935.2249,32102.3708
29921.7021,32043.75
31656.358,33667.0566
30605.3384,34301.5549
30711.6128,34245.0049
30374.6768,33753.3566
30532.4552,33886.3275
30912.1514,34418.5838
31102.1822,34445.0449
30457.6666,34068.0647
30357.7598,33918.1953
30854.1176,34276.8274
30715.4375,34382.2305
30967.5336,34242.9719
30496.3613,34277.707
30595.5166,34387.1259
30701.4824,34507.3281
30459.8203,33979.9766
30768.0099,34127.2333
30249.9707,33920.4375
30363.7715,34154.9883
29939.1769,33469.7037
27996.7913,29911.548
27590.7177,29931.3587
27485.7966,29859.2793
26893.4354,29547.635
25037.7298,29927.4975
39172.2903,34582.9441
39040.5507,34603.0432
38803.7496,34507.0389
38523.5625,34424.8004
38733.3633,34652.0234
38920.4797,34597.393
39934.8473,33971.8042
40079.2617,34051.0508
39979.5352,33797.4766
40253.2539,33562.5352
39989.0226,34488.949
39944.1477,34766.4678
39682.7466,34983.1176
39829.8122,34830.0817
39927.1063,35018.7287
39910.4336,35166.7734
39654.1953,35145.7266
39379.6445,34971.7852
39733.8204,34684.0888
39744.5963,34524.6842
39511.7026,34404.0851
39405.1638,34385.3038
39391.0547,34503.7773
39335.7148,34586.2422
39067.9293,34972.3428
38925.7812,34972.8867
38851.0273,34961.4805
38492.9294,34812.5657
38482.3867,35129.4805
38743.3984,35178.6016
37970.7092,34944.8181
38250.9386,34876.1148
38112.1565,34836.4398
37896.9112,34789.4034
38027.5007,34700.9495
38287.6513,34686.6961
38388.8477,34932.0469
36875.1304,34739.7397
36838.2461,34857.5547
36751.1433,34871.319
37245.6836,34927.6641
37412.3828,35122.5781
37110.0129,35160.4187
37112.9655,35062.2564
37537.5855,35336.4582
38310.1233,35520.6463
38797.4548,34284.616
38858.3585,34156.6609
39044.9784,33995.6053
38654.6406,35490.0933
33505.3407,31638.549
37937.9062,35591.9375
40502.4219,33588.332
40720.5785,33389.4366
40577.3467,33351.3208
35903.9044,34750.8852
36132.6219,34913.1736
39530.0381,33861.6257
40091.8567,35069.2759
38973.5423,34152.0151
39208.9372,34373.2247
39298.3108,34305.7565
38536.5889,34280.1109
38125.3637,34059.3926
36243.3489,35174.2762
36196.3322,34965.864
36428.7057,35005.0793
37379.8318,35029.8453
39251.41,35342.7343
39464.4992,35319.6825
39692.6527,35310.6109
39583.9006,35439.6773
38567.8313,34234.9589
38531.1666,34114.4997
38020.7204,35604.61
39309.7384,33939.7118
38805.8064,35117.6383
37899.5392,34299.8988
39227.6155,34273.0906
40023.6834,34256.9953
39379.4586,34770.0381
39449.3971,33644.4324
39683.2391,33835.9985
39568.2194,34796.4641
39184.2416,34709.4842
39831.9791,33865.2621
37007.0862,34999.621
39197.6251,33772.3265
39224.3984,33631.2777
38688.1313,34940.2851
38668.2981,34834.5151
39325.3283,34194.2403
39088.1581,34133.7804
38037.1417,35371.0192
37860.0561,35362.5681
37954.0727,34412.5835
24092.2494,31574.3039
18254.4236,40780.2921
24269.3904,31777.7395
37970.7792,34316.7372
38267.4015,34545.0259
37828.6078,34590.3599
38194.9297,34332.7592
37801.1879,34221.6662
38025.2345,34117.8358
38043.4844,33973.1328
38279.717,34164.7007
37584.5733,34347.0451
38313.9557,34438.2547
23934.8536,31553.8887
18073.929,40606.0548
17706.6149,40616.7716
18365.515,42251.984
17241.061,40350.4217
17384.4024,40068.5078
17135.7982,40142.8636
17141.5616,39946.6052
17288.8253,39773.897
17432.5108,39671.7658
17981.6699,39927.7497
17457.2727,40253.9548
17986.1193,40839.8157
19169.1019,39939.7774
18219.6466,40274.898
17822.7967,40079.0923
17816.8828,40361.3125
17841.917,40541.616
17897.997,40235.3892
17716.2981,40045.082
17528.125,40178.0781
17691.7227,40448.332
18797.0391,40329.4648
18875.7734,40272.4492
18880.332,40136.4375
17629.7003,40593.1789
18276.2056,40644.1197
17782.5234,40677.3633
17983.1711,40586.8844
18031.459,40472.3086
17943.7793,40730.3711
18079.0694,40228.4669
18072.2888,40190.9725
18734.6348,40064.9164
18725.4974,40162.9532
18213.6543,40111.7031
18164.3898,40080.8939
18055.7989,39931.0181
17943.2973,41180.8424
17736.9363,41167.5327
17881.6424,41361.0029
17735.8704,41577.6177
17863.0257,41773.0092
18148.0534,41666.0012
18090.945,42004.5732
18912.6962,40234.9502
18972.5753,40347.8975
18298.9982,41919.8106
18333.4408,41430.698
18363.8684,41631.0171
18631.6662,41611.081
18724.0529,41824.3887
18675.6762,41907.1414
18471.7225,41904.1787
18189.9873,42143.3391
18006.9629,42295.9806
19030.3926,40238.918
18031.8277,42477.9839
18459.6171,42391.2166
18754.0711,42503.4389
18748.505,42602.4434
18629.4583,42224.5521
18561.8248,42111.2701
18357.265,42562.8339
18541.2289,42678.1909
18157.8829,42638.4707
17841.6171,39866.5767
19073.3023,40300.0728
19076.7918,40333.5431
18268.595,42905.4416
18607.321,42882.7597
18715.5324,42855.1194
18826.1888,42747.1959
18872.7705,42404.3378
18064.0069,41548.1433
18233.5224,41769.4117
18945.8673,40250.2699
17408.5254,39880.0108
17467.9916,39852.8673
17718.345,39728.0193
17994.5933,39697.5018
17975.1882,39477.9306
18119.3938,39664.2718
18305.5202,39560.1044
18361.9468,39838.3954
18660.8389,39885.9891
18695.601,39679.8718
18405.5916,40449.7464
18614.0227,40353.8181
18162.1088,40384.5044
18449.8356,40217.8144
25894.5957,30541.7316
20283.9283,33479.407
20411.5945,33513.7467
28656.4003,28548.62
31337.5185,31734.6056
31521.2359,31781.8809
31565.7734,31819.2245
31599.1055,31890.8184
30612.5155,32012.4666
31450.707,31933.4004
30406.377,32213.3125
30379.3535,32063.9883
31351.9277,31854.1587
31218.4922,31730.7441
31229.7422,31984.8511
28873.2635,29983.8819
20293.6227,33003.4096
31083.7452,33199.2328
45233.8667,41140.4649
45212.8158,41314.4339
45045.6516,41323.3393
45264.5806,41344.1397
30264.3593,31442.1456
20837.8461,33414.5726
20522.6462,33009.6141
20519.9139,33782.4237
20528.1198,33646.8063
20417.4455,33296.1766
20290.6787,33170.3249
20116.5191,32955.7857
20273.9935,32905.3373
20215.8784,32729.9597
20306.3068,32672.9468
20269.322,32850.6337
20717.3694,32581.3946
20425.9232,32848.95
20469.2131,32645.0967
20624.0039,32590.9865
20566.6991,32662.4476
20991.1005,33766.9817
21096.4707,34048.6484
20840.7482,33844.4911
20945.3775,33870.6421
21010.3372,33832.437
20211.495,33712.5638
20070.902,33845.674
19754.8437,32767.8945
19749.6211,32629.2695
20967.8189,32458.1382
20852.22,32522.1809
19998.4863,32640.0059
19907.0039,32541.0547
19738.0729,32326.8057
20603.5028,31877.1704
19944.5184,32148.1942
20000.4883,31993.6074
20236.2232,31960.1377
20282.323,31764.2687
20121.5156,31683.3711
20089.6113,32510.9746
21009.1656,32642.4126
20789.5326,31386.0593
20905.8297,32821.8286
20696.2978,32975.0306
21037.2754,33018.7828
20800.9102,33216.8047
20988.0194,33324.5654
25576.6096,29218.1692
25165.8976,29305.1091
25390.1316,29254.1321
25668.1428,29257.6985
25346.6693,29308.7018
25737.908,29213.3689
24864.8825,31078.208
24685.6441,31202.2045
24885.23,31140.1423
28860.8985,28827.1925
25064.6593,30982.3473
25620.1022,30938.7202
25626.2862,30840.6986
25362.2059,30853.9755
25420.9278,30734.4029
35602.0712,33587.8309
35915.3437,33873.7578
35919.0977,33712.4297
35720.628,33641.6254
35717.5859,33809.3711
35601.9233,33339.4481
35554.1536,33406.7099
35778.02,33499.0305
35070.0793,33964.0908
35240.6635,33456.9535
28733.8679,28847.7781
28622.0835,28739.5121
31121.2668,32341.4155
25150.3008,33394.0586
25091.4622,33354.5073
24983.1434,33218.9585
25130.4814,33238.9594
31930.2182,33890.9953
34041.285,33588.5472
34068.7879,33577.593
33577.7747,33572.0259
33973.3743,33717.7668
33896.2141,33557.8016
34214.9727,33789.4883
33687.9721,33553.6719
33666.5701,33497.1087
33897.2922,33690.8917
33733.7656,33357.2852
34014.6484,33308.1484
34037.1328,33202.9687
22713.9209,32338.0954
22836.9123,32767.7127
22985.068,32801.7739
22552.3566,32407.3317
22974.2865,32655.7823
22874.5952,32575.0244
23051.41,32606.52
23013.32,32520.93
23036.915,32422.5932
22917.7735,32435.7026
35236.2639,33275.6378
35252.7807,33256.2338
26691.3633,30161.685
29669.4119,34933.9237
26779.8906,30181.1563
26367.5806,30069.2434
26768.4355,29793.2871
26561.0277,29871.6493
26627.3867,30326.9473
26834.7218,30269.4645
26627.4121,29677.5937
26708.25,29683.2227
26827.4609,29545.2148
26650.6074,29571.3613
34773.1311,38246.9455
35619.4738,40071.2687
35497.5223,39745.8425
35850.5915,39983.2046
34765.7308,38421.4154
34832.7635,38300.6631
33985.8567,37798.8386
34361.8201,37404.5949
34862.2295,38666.4192
35216.1904,38747.8164
35261.0156,38873.8796
35023.2798,39024.5479
33942.0874,37892.5664
34095.5904,37977.2274
34080.7076,37750.4416
34191.1758,37792.5508
33618.2651,37216.3433
34533.3906,38329.9531
35501.0297,39817.8795
33468.3697,39724.6803
35112.2965,39125.1711
33994.2969,40153.4168
33910.4258,36933.0703
33243.2373,37175.2101
34480.0781,37732.4375
34496.2494,37985.1602
35293.1914,39057.5898
35318.5017,39372.252
33282.6779,40818.5609
33375.828,40694.4027
33418.229,40968.2736
33158.7215,40684.5984
33602.1418,40785.1834
33373.4677,40905.5905
35083.1678,39473.6275
35011.0401,39719.7005
33869.4973,39265.7089
33681.9766,39065.4219
33362.3594,39106.8477
34192.6367,38725.0781
33528.7279,31552.9403
34041.3045,38684.032
34015.3359,39445.9023
34340.7388,39488.4518
33859.2191,39106.9608
34417.4102,38475.2617
34539.9612,37136.0181
33122.7539,39254.3111
33575.4429,39573.3197
33674.0721,39346.8732
33899.488,39516.6851
33877.2539,39766.0352
33969.957,39760.9531
34748.896,39244.171
34763.52,39713.1288
34837.5859,40085.5664
34565.1384,38599.6502
34456.3578,39923.9507
34320.5249,40069.8193
34280.7309,40250.2304
34386.2027,39209.6336
33679.7387,37636.4156
34665.4285,39409.9585
34321.5593,39246.2794
35081.043,37491.8984
35056,37688.4219
34677.457,36999.3906
34440.7881,40108.8916
34213.8314,40180.7212
34147.6282,40310.4206
35127.5269,39373.949
33895.9179,39593.254
34622.7764,36051.0336
34913.4572,35860.8756
34955.3741,39587.9068
34512.6726,39104.8807
34638.456,39111.1082
34063.4941,37305.6551
34141.9377,40105.4776
33904.3999,39964.9457
33852.9205,40066.849
33590.2913,40031.4783
34093.2753,36992.4181
34196.4873,36967.1434
33136.498,37101.9975
33667.3839,39716.3125
33558.5205,39862.4297
33249.7444,39781.9719
33091.2937,39576.5271
35344.4023,38110.0508
35706.5,38048.3008
35650.3728,37831.2487
35239,37964.8945
35362.1016,38036.1953
33253.8313,39628.6415
32957.2644,39767.9074
34150.9965,39781.4108
34756.316,39980.4127
33698.1131,37886.9986
33778.1037,37858.0136
32955.07,39984.6887
33219.5565,39999.7403
34315.7845,38258.1777
33208.1321,40216.5463
33267.1427,40391.5643
34319.1474,37341.5832
34282.3014,37198.2092
34837.3954,39248.3805
32938.9335,40216.0826
34202.0544,36839.2199
29354.6692,29687.508
26668.6582,29993.0383
35147.8437,32640.4844
35090.332,32769.8359
35018.9851,32918.853
34975.9951,32997.6117
34875.6086,32812.5333
27376.7446,30252.7338
27390.4513,29983.9052
27342.3203,30487.627
27905.0274,30102.5966
27733.5273,30287.791
27392.1841,30064.5769
27294.4381,30155.4567
27910.6083,30378.7005
33444.3288,40713.4165
33209.3106,40779.9579
27560.7129,30056.3984
33437.4888,39407.7276
27517.5526,30418.6159
27399.5432,30402.6587
27733.2963,30015.8248
33038.8293,40052.7361
33274.8825,40196.8778
27317.7804,29079.9207
27105.3295,29188.4439
33672.4849,31431.027
33547.8789,31758.125
35293.685,33059.6021
35269.0428,33048.779
28629.3066,29963.8422
28703.5642,30064.2195
27298.7467,29375.368
27274.0467,29729.2354
27140.8217,29448.5025
28610.6237,30051.6694
15461.2578,36356.8719
12861.1777,35680.0784
13624.8076,35994.9675
12989.0554,35920.273
13134.6714,35737.8133
13026.1447,36061.7744
13172.241,35894.5938
13399.316,35488.4096
13617.7777,35278.113
13110.6908,36127.6675
13477.0963,37120.2881
13715.4817,36231.4554
13269.4787,35285.1266
12848.9764,35472.8488
13451.5242,36321.3672
13584.64,37295.9859
12947.1123,35275.2364
13232.9976,36272.1883
13511.8473,36412.4785
13673.3012,36493.4353
12683.1316,35279.6451
12551.4555,35465.1802
13838.2635,36303.7106
13595.4624,36957.2314
12894.0173,36018.9264
14062.3852,35973.1774
13598.5325,36287.4517
13512.8021,35739.3606
13359.4862,35709.3734
13497.6635,36071.1758
13330.2931,35944.9436
12808.9157,35648.0735
31175.747,32165.4237
25441.3095,30196.268
15969.0318,36726.9783
13711.4533,36158.9284
13822.1572,35914.7433
13008.3628,35980.6896
15568.9516,35541.8105
12828.9589,35710.5525
17402.9823,35401.3306
17625.0718,36019.1003
17607.7146,36118.9485
17421.1122,36167.969
17271.9009,36187.6309
17512.2512,36248.7864
17772.459,36243.0234
17129.8093,36282.7747
17110.9062,36422.9844
17040.9824,36558.0742
16942.1133,36672.5273
17255.3159,35642.1729
16777.377,36482.1289
16487.2598,36798.418
16615.6323,36620.0095
16523.8906,37047.8984
16726.1406,36905.0234
16739.1947,36793.4383
16619.8437,36430.0234
16684.9102,36333.9766
16568.1895,36340.3828
15018.2256,36557.7852
14999.1709,36634.0039
15045.9395,36750.0547
17112.1421,35740.2671
14888.3145,36770.8398
15441.7334,36438.2695
15152.9335,36434.7257
15398.4307,36577.707
15335.207,36693.7578
14883.267,37142.1353
14921.6961,37045.2742
15231.4766,36804.4414
15538.8643,36919.3594
17826.3697,35522.9964
15709.2368,36905.2238
15615.0684,36712.7969
15786.7041,36706.2305
15975.2217,36672.4648
15904.8789,36553.3516
16144.0439,36789.7031
15284.1084,36874.7695
15168.6443,36930.4317
15219.7479,37142.2128
15272.0103,37284.0817
15352.863,37320.212
17883.7508,35609.7189
15669.4749,37311.863
15904.1348,37295.1406
15900.1895,37060.7578
16137.4785,36983.8477
15890.8105,36893.8086
15866.4258,36751.25
17537.9507,35231.3632
17516.667,35130.0187
17598.8143,35184.3604
17576.3345,35155.1132
17486.8128,35693.066
15152.11,36874.8285
15155.3093,36830.6309
11874.875,35804.875
11539.0898,35894.793
11666.8136,35782.3574
11654.2969,35993.1406
16707.915,36290.7825
11971.8174,36102.7266
12175.81,35939.8984
12357.588,35978.1413
12264.1306,36023.6972
12455.3311,35761.7852
12422.54,35944.981
17395.7576,35966.8282
12440.6748,36204.0469
12514.7743,36484.9714
12910.9012,36599.9072
12965.2227,36238.1133
12730.417,36090.9727
12812.9485,36110.9309
12397.1268,36260.1612
12554.243,36272.307
13002.919,36619.5998
12620.3435,35969.4867
12599.8443,36515.2018
17789.8162,35843.6681
17884.6894,35867.6356
13270.9893,36409.7045
13182.8539,36856.8882
12322.8738,36443.2248
12613.8496,36926.4932
12771.2097,36650.4919
12744.1045,36899.5648
13061.8605,36897.8976
13965.0447,35981.9547
13819.7717,36058.9311
17837.3306,36030.7859
18444.8766,35967.1503
18071.4794,35523.767
18377.6747,35526.0278
18186.6838,35712.1634
17966.9948,35762.0649
18403.3359,35807.1678
18166.4546,35964.0009
18276.4189,36061.6102
12813.2745,35771.8721
12722.6845,35766.8461
29009.336,29350.1611
29110.783,29377.6082
29106.1357,29419.0762
29052.1921,29224.6796
31984.8599,33610.8985
31959.8887,33979.5898
31369.1973,33463.1641
31383.6001,33648.8612
31145.9587,33485.5967
32089.1664,33646.109
31293.2559,33326.1406
31607.4592,33883.3513
31686.3712,33999.0332
32043.8984,33676
32158.2889,33930.5369
32530.8352,33607.979
32135.5156,33759.7891
30136.2998,32358.8836
36412.1149,34662.9517
36579.9508,34967.3109
36751.9219,35122.572
36690.7665,35134.9344
36895.1004,35095.7928
30035.265,32724.2432
29722.4759,33152.4737
30084.3192,32664.3631
30083.6504,32880.4805
29932.1543,32838.1094
29848.7578,32968.1406
30020.0977,33207.0158
30613.3563,32065.8984
33634.3718,32491.1189
34056.2683,32342.8113
33523.1191,32313.2942
33792.0373,32312.0363
33812.7654,32478.3858
34098.3121,32420.0166
32454.2248,32632.6824
27480.5391,29500.8137
27349.7876,29542.5114
27480.2057,29232.1227
27329.8822,29325.2282
27570.7265,29441.0716
27546.4706,29366.694
35319.8966,34382.6444
35281.6557,34583.8609
35764.1553,34634.4679
35904.5382,34433.0259
35693.8016,34294.5677
35426.6861,34198.7233
34682.004,34739.3755
35542.2415,34680.104
33686.7144,32414.074
34230.6149,32242.3548
33456.8846,32339.0013
33589.582,32206.4841
34152.4219,32154.25
34127.5,32207.5039
33624.4511,32211.1481
33696.3242,32544.5075
33864.8318,32356.4852
33891.3203,32539.3633
25985.8189,30193.5347
36701.4493,33951.4516
36631.1094,34016.6914
36588.6943,34141.3917
32678.1348,36847.0548
24676.3894,30639.2696
24684.8066,30491.8693
33981.2699,34740.5471
33873.4028,34064.3335
34087.5573,34277.3707
33805.7605,34616.0975
34149.4724,34667.1985
34318.7769,34060.4025
30951.0578,33699.6625
30906.0026,33644.1601
30880.3705,33808.8344
30565.2223,33368.7671
37371.0903,31905.8597
36524.3349,31701.1168
36262.5434,31721.8625
36406.0703,31559.5098
36194.5872,31654.4656
36086.4038,31669.644
36149.1148,31581.2922
37231.475,32107.329
36133.3286,31515.2207
37274.8789,31840.2031
36854.4147,31775.1611
36109.3594,31519.7479
37128.3266,31854.8695
37001.0531,31814.983
37220.0664,32048.6387
36809.7582,31975.4666
36819.8751,31889.6622
37244.1328,31980.8496
36343.2232,31627.1688
36356.2562,31612.4137
37055.7578,31990.209
30868.3965,32223.6387
30966.4004,32248.0234
31057.5078,32274.7238
31029.1022,32165.4648
31013.0397,32209.1946
33911.4824,33924.4674
33937.7242,34516.7499
34003.7503,34423.7894
34105.2715,34051.7061
33769.1354,34814.6793
33423.9102,34401.875
33830.3378,34765.5068
33506.0078,33840.2109
33436.9727,33943.3672
33822.8767,34967.5382
33853.4512,34389.6627
33802.3661,34325.7124
33818.9546,34433.4006
34027.245,34375.424
34047.6106,34582.1714
31304.4327,31815.6323
39322.4773,38244.2282
39457.9515,38139.8942
36110.4866,42837.2882
39463.5572,38242.0507
39454.1027,38455.323
39453.5479,38608.266
39861.432,38191.3771
40071.7965,38819.0019
40022.4095,38900.4834
40204.2581,38671.6502
40166.8931,38573.2629
17475.2563,39985.5474
17989.9222,41499.0296
15435.0187,35211.8516
12930.5286,36787.2543
36861.9823,41783.2542
36878.2862,42747.5714
21106.05,40635.5878
20516.3308,40817.8945
25514.1791,30563.4425
42604.5156,38773.6442
40065.8952,39988.2066
39453.4352,40190.3477
35624.873,40823.859
39261.5396,37495.72
23640.69,45832.6288
24076.3392,47457.4236
23752.5835,46647.3671
23295.7544,47198.0451
41971.3984,39012.3008
36567.6957,42059.8507
36383.4393,42222.0385
36467.5455,41586.9263
36576.967,41721.609
35982.6704,42695.5596
36821.298,41862.4746
36463.3164,42276.7143
37244.6093,42288.7308
37013.9934,41998.5248
36545.1733,42395.6863
37111.8432,42381.4517
37141.8926,41874.4571
37191.4597,42180.6537
35831.2383,42404.7448
36348.4338,42380.9942
36731.4595,41935.1533
37123.7973,42130.2229
35762.7151,42260.5799
36145.8836,42652.6976
36897.0646,42490.1374
36989.2194,41806.2447
35933.3863,42966.5081
36521.4363,42569.3563
36309.071,42857.6068
36232.401,42775.4525
36113.2644,43096.1637
36495.4409,42788.2417
36381.5675,42939.0974
35192.9049,42872.8244
35326.1743,42841.9622
35636.9282,42723.6586
36722.4823,42665.6779
35765.2615,42620.0879
35568.6186,42304.0762
37034.4487,41726.1275
36714.9868,42459.2349
35522.7156,42499.8392
35463.4411,42762.8004
35463.2889,42357.9568
35358.2193,42587.4444
35270.4165,42433.5886
35583.2467,43557.8383
35217.6575,43016.4003
34902.6149,42928.77
35069.2354,43028.1349
36726.0925,43212.3119
37055.2239,42642.9595
37289.3261,42421.1514
35282.797,43327.1927
36896.1695,43074.4327
36410.0435,43106.6938
34923.1009,43042.4085
36486.8089,43065.2274
36557.4238,43015.7992
35389.8621,43509.9902
36352.1816,41721.0087
35143.9937,43367.4988
34935.4135,42745.609
37380.9995,42710.8525
34668.4946,42762.2985
37175.8873,42873.1765
34784.0419,42552.2276
34533.1571,42794.7856
34486.264,42569.8371
35281.7517,43917.728
35345.9447,43901.2419
37596.6187,42542.5155
35143.0392,43671.1572
35655.2525,44286.5897
35919.5379,44619.0472
35450.915,44307.2069
35655.8827,44477.4339
41720.207,39587.085
42373.461,38753.7772
42482.8751,38537.8136
42657.807,38550.2316
42053.3726,38723.5879
42109.8791,38528.4122
42284.7957,38467.7932
42400.9355,38268.6092
42071.2657,38321.6853
41750.9103,38533.7141
41766.7964,38887.5806
42210.8365,39121.6128
40702.1342,38896.9108
40920.1747,39245.8244
41231.6084,38954.5238
40930.0174,38967.7033
41131.632,38802.2291
40496.5258,39820.0373
40316.681,39541.0967
40606.3885,39551.3513
40736.5955,39633.1743
40247.7753,39924.3544
42201.9401,39312.6071
40114.6224,39748.7266
39883.2972,40142.5172
39858.5997,39896.3925
39728.975,39998.0806
39721.1068,40304.2524
39546.2838,40486.3671
39429.3197,40431.9844
39565.4411,40102.7854
42258.6513,39567.5489
39358.5759,39992.2049
39214.3187,40090.5883
39108.47,39913.5495
39126.6463,39773.0358
39416.5981,39622.2609
39692.8318,39469.9703
42388.3371,39530.4506
42477.8773,39204.2227
42459.8111,38843.4823
42126.5924,39294.429
42233.462,38924.6687
31994.78,35133.03
31643.1687,34986.5402
31619.7981,35088.4721
31650.3687,35213.5248
31328.03,35388.25
31816.7963,34942.7097
31643.7896,34932.8598
28996.2194,29764.092
41857.2031,39071.4559
42134.4478,38894.2762
41875.5357,38818.4836
41784.5801,39526.9469
42030.2409,39606.4261
41283.8272,38971.2519
40942.8203,39055.5703
41151.375,38747.043
41590.9705,38812.1621
41064.8727,39231.0631
41488.2976,39437.995
41554.7014,39169.7008
41830.3635,39044.8529
41840.49,39225.13
42050.749,39253.7168
41926.2439,39467.9453
36202.3912,42357.2043
18544.4873,33717.7282
18526.4824,33647.3125
18772.8516,33660.8789
18635.6875,33513.0954
18521.3692,33566.3085
18411.9297,33571.571
18436.3162,33454.2597
36091.6693,42442.0964
36063.3675,42259.892
36246.7526,42930.9252
36269.0157,42678.4287
36046.5051,42123.9201
39419.6994,40009.1936
36271.1939,42085.2693
36283.2687,42152.2969
36473.7909,41918.4197
36543.1672,41943.8193
36140.7994,41924.977
37190.4782,42765.7878
34524.5777,42733.2272
35336.0812,43792.9611
37568.3243,42442.9721
36635.3349,41792.3558
36816.0197,41648.1136
24533.22,31110.95
24487.19,31188.56
24705.57,31033.88
24717.58,30953.45
24654.5215,30786.998
24780.1309,30449.3691
25268.69,30911.89
24726.8911,30124.9522
25318.4336,30747.652
24682.94,30859.67
24600.43,30852.65
24644.4805,30393.2754
24530.9034,30353.3466
24187.6,31144.34
24170.85,31017.51
23894.27,31228
24031.02,31382.8
24023.14,31476.19
24153.2643,31983.7356
24418.636,32156.675
24236.01,32114.32
24352.42,32166.07
24181.18,32133.41
24353.0804,32185.228
24391.78,32090.9
24335.5387,32064.3962
23590.6968,32292.0387
23403.3645,32654.8683
24244.0036,30732.3137
23479.7213,32316.8703
23531.2041,32206.3235
23921.707,32122.75
23406.71,32283.49
24722.8381,30771.7904
23873.3239,32354.7312
24354.2159,30597.8694
23741.0378,32063.6114
25236.2422,30797.7383
25189.3828,30813.4336
24354.3978,32217.4868
24433.0873,32115.9271
24782.1998,30858.4456
24000.9896,31284.4381
23989.771,31078.5446
24191.1767,31958.4905
30452.1642,32170.1999
30029.3828,34529.4805
30198.2024,34434.491
30364.4121,34500.5937
26359.4531,29876.1692
26173.5652,29936.3581
26214.2901,30036.7081
26052.2467,30044.7806
26029.8967,30077.9357
25613.7877,30550.6392
25516.9485,30705.7785
26746.7947,47569.9618
26005.1646,48235.1526
26146.3836,48155.5365
26413.575,48309.133
26120.0717,48440.4225
26232.1094,48224.2405
26149.9066,47840.5307
26218.5396,47769.2359
26928.4878,48059.5679
25816.924,47840.9691
26668.9418,48135.1503
26573.7982,47566.4296
26796.9569,47989.2006
25876.3743,48156.1255
26549.9373,48088.2577
26338.6026,47963.0686
26910.8423,48226.4033
27050.5673,47980.1685
25986.3619,48674.0283
26228.1281,48691.4308
26032.4828,48496.9223
26527.1938,48294.3119
26381.2626,47401.3802
25798.9394,48563.7941
25908.3774,48570.2721
27220.487,47999.719
27345.0145,48093.3785
25796.9155,48472.7851
27808.9467,47485.5107
28073.8648,47675.4504
27935.4647,47865.1427
27930.3532,47366.8059
27876.1108,47714.037
26659.5337,47304.5182
27486.3855,47524.8095
25822.6138,47537.0937
26101.4401,47336.1969
27621.3632,47413.9109
27863.2115,48161.217
27715.1491,47227.684
28115.5097,47515.5307
27602.6159,47803.8074
26317.2063,47530.1084
26802.1975,47444.0071
25962.1661,47586.3759
26209.1886,47639.8142
26015.7785,47701.567
32577.6928,32750.7372
33023.254,33156.8404
32870.5864,33205.4777
32536.1875,32664.7148
33133.8433,33184.8063
33013.2144,33244.1573
33111.4554,33289.2189
33222.1008,33206.111
33185.7148,33337.7578
32471.3589,32673.4722
32008.2454,39269.0556
32462.735,39138.1824
32425.9955,37769.0271
32118.9668,37628.3516
32080.9673,37405.0495
32016.5748,37221.793
31828.4814,37191.2676
31827.3152,37091.2582
32133.8758,36923.5252
32493.0156,37426.3627
32141.4161,39120.5864
32315.8014,37076.1308
32306.5934,37281.6467
32319.1389,37361.3217
32175.5882,37349.5073
32248.5137,37207.3633
32385.3212,36493.6986
32542.9488,36786.8864
32777.6686,36724.1991
32485.4629,36702.1845
32727.6274,36890.9379
32184.8437,39029.6133
32577.7448,38876.7994
32490.834,39280.3789
32337.793,39365.832
32372.4102,39573.3748
32597.8236,39566.3426
32778.0707,39455.8826
32626.2779,39288.7385
32718.2316,39550.3266
32271.7043,39500.6075
32337.7296,38973.7878
32447.178,38780.0615
32081.2625,38854.7014
32084.7485,39394.1524
32105.7886,39560.7557
32650.2875,39210.4727
32714.58,39167.89
32677.0953,39047.1465
31927.5751,37333.0762
32347.3644,37477.7718
32264,37663.5
32646.5636,39045.8726
32212.7535,37730.9037
32291.7151,38654.071
32311.0661,38616.7321
32578.5299,38938.192
30994.8653,33878.8196
31285.1184,33809.4155
31081.3691,33941.3672
31215.5547,34039.582
31211.6165,34153.5582
31314.7745,33950.196
28554.1079,36984.0277
28406.2288,37118.966
41035.8834,36146.1393
41421.5824,36471.461
41894.1857,36390.0702
41380.0528,36193.553
41239.177,36075.6849
41980.7224,36124.2827
41132.0547,35918.9005
41778.1055,36412.1574
42016.4544,36368.226
41979.002,36445.3718
41776.8118,36015.1241
41499.3416,36379.6414
41198.5644,36239.7964
41210.8437,36301.043
41238.5468,36333.2491
41426.516,36431.5438
41611.4102,36559.418
41685.6118,36617.7899
41777.9717,36593.4263
41590.7201,36434.8566
35884.5645,41149.7601
34678.7297,40731.1214
35224.4669,41353.9464
35361.0715,41148.1882
35494.0265,40573.0138
35503.532,41122.8627
36014.7491,41304.3232
35368.923,41723.2516
35521.3711,40631.423
35276.8508,41636.7294
35927.2239,41842.1501
35690.9808,41852.5684
35433.4759,41356.0962
35851.5524,41777.5921
35766.7722,40531.9718
36001.1909,41017.8685
36099.0459,40907.1776
36172.8047,41735.4985
35193.2717,41647.7381
35037.7821,41713.346
35803.6315,40755.9683
34964.5908,40993.9848
34907.7394,41106.0902
35134.3189,40887.3355
34957.9524,41736.067
35706.3126,41679.5157
34548.7768,41065.8066
34574.9636,41140.2415
35640.0823,42063.5105
35403.3489,41899.0368
34479.4144,41197.9512
34375.646,41042.6153
34829.7614,41852.9235
35205.0144,42017.0171
35427.7063,40454.8668
34130.2215,41374.1249
34060.4225,41184.0668
34233.6919,41090.2204
35107.1095,42039.9623
33905.0798,41268.8098
35280.3263,42165.1817
33763.8587,41567.8926
33771.7581,41364.3158
34475.7019,41347.2977
34358.6228,41381.4575
35726.2721,41068.0657
34592.9265,41686.8525
34472.1598,41724.1866
34307.6386,41623.0083
34015.6621,41607.626
36345.8603,41552.0224
36285.422,41009.03
32996.0569,41263.3008
34958.0485,41925.5733
35525.092,41265.8605
32444.96,41076.957
32620.4698,41123.1753
32829.9567,41201.1613
35195.6938,40666.4558
34946.9569,40704.5286
35087.586,40622.2863
36192.9313,41509.0921
35097.5944,40434.3881
34780.0509,40557.9461
32787.0554,41601.8227
35197.2219,41221.829
34835.6667,40693.9897
34774.0235,40448.7069
34740.622,40787.4947
34780.2916,40894.8139
32927.5192,41564.4693
32650.9465,41502.7315
35432.869,40808.116
32809.1737,41359.6037
32535.1306,41510.8896
35425.2143,40897.3587
35664.287,41306.3404
32808.4169,41758.3716
32446.7092,41548.8847
36424.4447,41417.9477
32461.1013,41787.9348
36538.8836,41313.482
32987.7264,41793.5661
32878.9647,41809.1498
32429.5956,41673.2254
32538.8707,41769.3259
34146.3004,41863.1893
36079.7857,41414.8039
34570.2904,41861.2936
34477.2956,40826.5256
34630.7775,40899.9535
32681.0825,41761.6732
34234.9599,42028.5626
34291.9886,42206.0484
33000.3795,41646.8467
33889.5864,41641.0117
33204.2465,41285.8912
33034.2631,42108.8313
29074.9041,29346.72
38051.043,32673.7969
37997.8555,32648.7539
25135.7671,30634.5571
25259.6207,30666.3245
28668.8008,37777.1992
28336.3289,37439.3599
28639.6889,37421.9282
28553.6907,37871.1114
28512.4336,38159.9961
28636,37711.8984
28392.1992,37509.3008
28257.4232,28489.7651
28317.6841,28619.0984
27693.5872,28667.6456
29950.6152,31769.9941
29976.3171,31722.7063
34222.1303,42325.782
25398.1488,30582.3365
24647.2485,30296.4074
24703.9688,30248.287
24662.1367,30248.061
33385.8789,42084.1752
33130.4351,42095.6631
36266.5706,41244.503
34896.2847,42025.6613
34647.5273,41351.7558
34803.9591,41294.0789
34316.7374,40374.0494
34275.0208,42337.3597
35081.2721,42217.8028
33183.7608,41498.5269
33931.8699,41689.9061
32220.5882,41525.3527
32051.503,41600.0851
33824.527,41667.8944
32040.2678,41790.0426
32243.4465,41773.7554
32217.7375,41139.4688
33976.3641,41801.3132
33672.15,41719.2634
26619.279,48110.2064
26930.1313,48308.6929
26156.746,48492.1384
34845.4319,41829.1525
28033.599,47720.0557
27945.3404,47471.3997
32277.158,39545.2552
27600.8748,47574.1207
27659.3104,47371.4915
27745.6908,47187.0993
27821.7372,47226.2109
27557.5807,47754.0354
32847.355,41553.4443
40534.8059,37474.7126
41336.4164,38040.1724
26642.874,28889.9336
26594.4985,28690.7096
26248.2192,29055.7391
25410.0758,28869.5953
25044.3866,28772.2926
25479.2441,28253.7507
25059.9661,28475.4537
25318.3879,28642.2103
25290.5101,28428.7979
25156.3228,28862.5317
25599.7585,28608.3876
25528.5116,28424.2252
25497.8422,28748.5546
25102.2101,28852.5891
25092.2521,28584.6862
26359.0527,28989.3284
26874.703,28321.7568
26911.2155,28123.4116
25109.3906,29363.2539
25740.9065,28588.0794
25383.8683,28775.7738
25261.3047,28571.479
26444.6627,28896.6707
25135.612,28488.1817
25985.6543,29309.834
25595.8755,29374.1443
25306,28279.5996
25069.197,28402.4038
26458.5039,28811.9141
26789.3262,28899.8419
26757.168,28492.5299
26673.4648,28437.3189
26601.755,28348.037
26766.3105,28419.3515
27236.0312,29306.6816
27694.6129,29518.2043
27503.2019,28827.5456
27083.1099,29159.4607
27806.9987,29492.094
27918.1167,29540.7605
28023.0859,29632.3616
27642.8184,29641.8672
27718.3359,28870.7891
27725.5076,29745.9783
27803.2031,29566.7725
27925.02,29451.2566
27776.6895,29392.8223
27201.2559,29132.8223
27652.541,29480.3242
27390.6755,28981.1406
27961.4701,29590.094
17541.2774,33778.08
17493.7022,33714.2794
17424.7554,33821.7982
17539.8244,33945.2298
17308.7145,33863.5119
17351.3149,33950.9498
17347.6784,33758.6936
17500.7539,33654.8242
17736.171,33786.4157
17869.5236,33600.6696
24057.579,31174.2517
15558.467,35156.0339
15662.8289,34894.8007
15507.4392,34380.5493
15439.9056,35477.7143
15645.0192,34485.0749
15638.0002,34701.6525
15708.2643,35640.7797
15409.2144,35801.6725
15750.5079,35476.5566
15894.1114,35134.964
15665.26,35011.1747
15892.9516,35376.8603
15670.2177,35606.278
15586.8737,34946.2629
15758.7046,34458.9721
15555.5191,34733.8176
15766.9047,34338.9204
15650.2468,34383.6425
42126.6048,37272.8556
41934.0052,37388.5874
41788.3197,37546.7093
41998.1122,37604.9556
38823.1951,36807.9012
41232.7759,37756.7953
41011.0361,37538.3082
39648.4301,37036.0523
39653.7508,37167.0637
42025.283,37713.9356
42211.8682,37802.4125
42150.9608,37058.3057
42413.1125,37152.4367
42340.9357,37417.4815
42258.7221,37501.1231
41930.7103,37865.65
42056.4696,37988.6087
42085.7621,38079.9813
41750.9046,38321.0985
41998.9929,38083.5573
41048.1591,38147.3551
39499.7604,37661.9755
39500.2011,37869.6384
39341.6396,37956.2945
39435.2754,37605.5615
39141.5755,37700.2172
39220.1743,37998.2245
39769.2878,37693.9606
39717.4254,37584.9156
41225.8231,38349.9868
40030.3277,36628.8151
39149.9105,36784.3426
41234.0246,37276.5181
41688.2888,37919.2972
39093.7405,37493.1753
39699.2218,37846.9485
39889.1667,37644.1458
39220.4729,36578.8195
41321.7712,38447.8005
41439.247,38351.4469
38884.1396,37614.9003
38621.1252,37032.665
41621.1301,38435.0165
39726.5335,37438.5434
38750.9399,37292.1188
38838.0939,37441.3741
41691.9427,37261.1308
41833.9252,37212.6124
41787.0937,37067.9473
41997.2837,37271.9383
30590.6956,35360.7931
29078.289,28819.4744
28999.272,28661.7751
29982.6197,35409.3079
29326.8155,35027.9474
29429.1872,36009.9728
29290.1401,34713.1702
29839.4181,35624.0957
29366.473,35261.4638
29196.869,35602.2984
30679.7745,34913.8565
29353.495,35161.8974
30810.4264,34798.1948
30849.5226,35599.7494
30747.1931,35686.9065
29698.2634,35231.2092
29277.9112,35429.2632
29061.1557,35461.8044
30487.836,35103.3396
29532.3014,35715.2153
28992.1869,34772.9821
29783.6897,35326.4304
29560.4287,35333.5642
30371.0062,35230.8425
29402.5995,35779.293
30889.8975,35423.8667
30723.296,35473.1848
30256.17,35233.77
30090.95,35135.49
30124.42,35341.3
29949.23,35517.2
29669.0734,35049.0624
29699.9143,35107.3661
29939.32,34976.48
29660.7631,35373.4764
29242.9935,34803.2161
29193.44,35154.68
29329.7942,35524.3536
30028.99,35280.77
30325.2783,35742.6437
29448.3398,35862.8984
29396.9527,35917.6634
29572.6442,35915.372
29531.7522,36074.2751
30127.27,35573.46
30278.0957,35382.7109
30471.7791,35715.3312
30603.6943,34876.733
30773.92,34907.95
30662.6827,35225.0847
30599.96,35527.39
30495.5625,35670.9258
30349.5891,35671.9011
30361.63,35951.68
30474.3865,36065.9505
30574.9288,35955.0251
31018.2569,35434.7302
31025.8295,35236.265
31047.58,35155.12
30107.83,35814.16
29669.5764,35018.5085
29907.7722,35952.8982
29748.8203,35990.7969
29813.3984,36054.5
29973.9188,35315.1935
30567.354,35273.679
30647.8392,34994.1728
30890.764,34815.7549
29719.04,35774.23
29684.0801,35728.6552
29791.3108,35569.197
33602.3061,31409.6032
33581.4137,31444.7784
31092.8691,33554.6172
19566.0155,40125.5448
19459.5932,40178.8656
19541.9487,40262.0437
19166.6753,40542.0167
19687.1465,40113.8175
19638.7886,40229.3595
19301.8301,39963.4141
19225.6875,40080.8281
19229.041,40255.5469
19072.5156,40448.2227
21441.5507,35689.479
21359.8594,35627.5039
21219.4283,35808.8247
21172.689,35626.0278
40645.1002,36633.3607
40241.5939,36993.2916
40513.9859,37022.0319
40511.1172,36794.0234
41292.6602,37256.6602
41242.6367,37183.9531
41349.1055,37121.3281
41423.7376,37254.2715
41357.6797,37403.3437
40691.5398,37589.1246
40682.5014,37392.3908
40663.4797,37197.2727
40884.9727,37147.543
40784.043,37234.2773
40918.3711,37369.6133
41092.9461,37347.4683
40700.7059,36530.5002
40920.2995,37019.6152
40760.3906,37026.1929
41035.0411,36785.1588
41243.9538,36627.3316
41284.2492,36781.636
41456.957,36778.5156
39468.8647,36543.2578
39932.1232,36937.4179
39926.9824,36424.8207
40964.6909,36395.5354
39350.702,36706.421
39062.7271,36823.2135
39241.8985,37029.2046
39357.5533,36980.6496
39338.9023,37240.9629
39486.3058,37178.0754
39527.3164,37445.0986
39328.7136,37444.6416
39076.7194,37331.671
38918.6987,37122.0189
39139.9893,37058.3736
38870.9497,36981.7596
38948.9356,36763.5017
40286.9005,37300.6184
40456.9061,37597.9862
39079.6727,36911.3845
39101.1472,36984.4555
38884.7143,37492.6034
40518.5548,36401.0077
40498.7308,36344.861
40496.7609,37796.9601
40642.7732,37796.0139
40786.4727,37942.9375
41035.8679,37933.5266
41168.0391,38026.2765
41294.1032,38193.2412
41120.082,37750.8945
41482.7031,37721.6602
40338.7812,36505.4414
41494.2122,37985.4918
41871.9858,38044.2348
40278.3039,36660.4761
33107.6324,35187.5516
33109.332,35098.3344
33265.027,35204.8735
33075.3159,35275.3778
33326.6984,35410.4255
33101.2667,35157.3013
34994.9175,35328.5373
32179.7655,33010.5845
32237.8125,33097.6016
32537.2679,33063.4121
32522.9258,33422.543
32374.0247,32770.798
32125.5883,32822.4057
28950.0781,29897.9961
18391.6404,36723.769
18029.1321,36437.8173
17982.2826,36616.6603
18668.6078,36565.8437
19086.17,36658.92
19276.68,36568.93
19332.565,36778.361
19291.0823,36949.9677
19484.9573,36912.4024
19699.5049,37022.2461
19653.7625,36736.2392
18316.8368,36887.7302
19895.4902,36584.6445
18569.9729,37715.1464
18339.7245,38092.0958
18234.0951,38341.652
18465.58,38439.7002
18441.4863,38506.9696
18728.7311,38350.9289
18742.24,38064.66
18846.1378,37962.5676
18790.052,37772.6738
18649.5445,37851.9011
18098.9773,37055.7538
19027.5388,37666.3629
18847.0784,37666.2614
19018.5011,37355.1895
18873.0414,37452.2798
19139.7066,37093.5044
18124.0483,36539.8249
18837.6188,36875.2113
17973.0318,36974.1108
18879.8441,36750.5885
18955.5289,36844.8175
18690.779,36915.3896
18275.4565,38569.6475
19606.6244,36561.0495
18463.4479,36256.9749
18590.8011,38166.1707
18817.5304,36385.1968
18135.2799,36917.0123
19356.5349,36607.8807
18336.325,38543.2265
18172.9985,36305.5813
18363.2733,36194.2818
19312.2301,36987.8524
17419.4393,36994.0568
17317.656,37581.4848
19323.1576,36459.7662
17667.3706,37138.9724
19325.1186,36287.363
18071.3516,36683.9531
18060.8019,37237.9017
17534.7152,37528.3789
17844.6833,37081.9943
18710.2749,37928.4781
17583.3446,37408.1445
17611.6169,37719.6743
17572.5965,37864.1469
17873.2383,38065.8645
17588.9545,37339.3644
18000.4363,37685.2975
17847.5676,36758.9474
17773.0352,37655.3275
18208.6126,36824.4404
17825.5193,36588.034
17748.6389,36445.3951
30072.1484,31241.1484
22802.4706,46289.7139
30217.526,33669.5658
24755.5543,47642.245
21545.6709,46781.8077
23428.6148,45604.437
24936.0215,47134.7585
25028.4866,46986.64
23995.6932,47488.7994
25131.0901,47292.9142
25278.0655,47369.5027
25235.6886,47178.0376
23134.4358,45725.666
21543.8287,45922.7283
23995.785,47408.7711
21255.3672,47104.1328
21271.52,47154.7049
21198.8774,47366.6434
21488.674,47244.6194
21284.6738,47633.2891
22275.6094,46924.5039
22249.7662,46486.5748
22115.7552,46747.594
21988.2079,46815.199
21621.1257,46318.1491
21673.9257,46440.8216
21755.788,46587.4955
21482.2371,46304.8149
21847.2739,46264.664
22191.7187,45992.2266
22109.3581,45893.4989
21992.0066,45860.9547
21642.9242,45782.9456
21430.5762,45933.9805
21388.7832,45861.0977
21382.8242,45760.7109
21484.0352,45758.1875
20906.7446,46925.2015
21406.332,45779.8253
22780.8105,47005.8672
23227.4135,47060.8098
23315.9648,46842.418
21704.3672,47125.2891
21619.4951,47025.8162
23403.6522,47029.9515
23548.9652,46854.6331
21182.9312,45692.8787
21205.5217,45525.4699
21528.0175,45524.5271
21362.6102,45378.0962
24046.4777,48144.5361
23070.931,47203.7395
23405.0247,47174.9596
21865.5141,46936.8596
21927.7465,47034.7509
23590.4851,47176.9397
23357.861,45984.0543
23101.6173,46110.9586
23472.5842,47106.6555
23265.6873,46208.4999
23348.3676,46205.981
23440.3014,46253.1124
23122.1725,47008.073
23581.4144,46183.1367
23613.71,46071.6238
23506.2589,46033.557
23463.7611,45965.5899
23338.8254,47350.3849
23348.8456,45873.6556
23076.3795,46789.1914
23558.6725,45719.8134
23728.429,46002.0615
23683.3329,46831.8539
23871.6965,46028.6081
23342.6004,46649.9806
23118.191,46497.6326
23182.8035,45847.6356
24118.936,45812.819
23923.9837,45898.4854
23795.194,45862.9987
23429.9641,46416.6889
23702.34,45656.6161
23701.8273,45550.4272
23693.3134,46446.5191
21838.7773,47085.957
23521.1992,46312.5
22505.7065,46103.3973
22628.7386,46063.1814
22780.0672,46063.1491
23969.4738,46630.5468
23844.7328,46979.1172
24069.321,46974.6261
24188.1546,47019.5375
24373.674,46827.139
24350.2675,47010.7245
24270.2765,47376.2034
24983.383,46920.8143
24703.9448,46642.49
24850.6084,46636.9442
21800.3125,47200.2539
23937.0706,47352.2621
24179.5955,47205.7795
24141.7435,46956.0986
24505.386,47143.788
24711.6693,47219.5233
23886.366,47208.9992
23800.172,47218.8422
23747.0647,47397.2586
23613.1605,47523.5906
23849.9464,47582.4593
24414.7153,47764.032
24637.5027,47838.0528
24689.6411,47760.7102
24750.7857,47717.9903
24848.101,47634.821
24123.1011,47708.2983
24281.4205,47567.8164
21660.0118,46873.6677
24330.2647,47756.4455
24296.7171,47514.7036
24471.0095,47352.6032
23975.8384,46423.1877
23837.6593,46282.3619
24192.1416,46200.7694
24420.08,46561.7115
24317.8529,46691.9568
24149.2668,46546.1362
23702.7059,46585.151
23582.22,46633.6669
24131.2685,46393.746
24304.8642,46201.7037
24421.7399,46312.2663
24520.8714,46439.9443
24580.5607,46608.2682
24441.8462,46881.242
24490.3124,47314.8499
24060.4226,46730.8096
24212.7627,46796.478
24682.0186,46808.9077
24907.591,46937.7135
28508.3965,29880.2227
27412.0991,45841.0373
27995.96,45066.8145
27625.6289,45280.5234
27905.7385,46499.201
28505.9395,45881.9889
28260.7012,46043.2891
28246.3185,46249.5229
28389.0234,46261.6211
28681.0314,46086.2424
28648.4057,46162.6732
28872.75,46307.543
28689.2205,46383.1673
28538.5011,46605.7561
27414.6758,45987.2187
28504.9276,46440.0785
28426.9545,46510.8406
28144.9395,46528.6914
28170.8701,46340.318
28063.7034,47038.6663
27862.1152,44818.0937
27999.8887,44541.1562
27742.9217,44276.3479
27925.9358,44389.0052
28057.7461,43852.7148
28033.9316,44001.6406
28043.8717,44130.9725
28117.1717,44138.2643
28135.416,44332.6484
27506.7793,46268.6172
27349.1212,46139.6053
28212.8196,44250.2645
28270.7412,44261.2589
28380.8499,44273.0647
28587.6719,44363.8594
28310.623,44888.4516
28317.9522,44732.3744
28305.7045,44561.1014
28573.7168,44608.1172
28519.8262,44786.0742
28429.5256,44875.402
28755.9082,44928.25
28802.1641,44647.4297
27798.7178,46273.0601
27653.9599,46018.2543
28378.3276,44072.1863
28735.9258,45762.625
28842.0106,45830.6181
28865.8374,45625.9622
29095.1082,45430.1318
29036.205,45471.5063
29384.9686,45314.782
29361.3242,45648.9258
29613.5447,45679.9694
29581.4638,45567.1012
29632.0687,45313.3234
29580.5785,45145.6412
29552.0163,45080.7449
29580.9409,45111.9779
27865.2344,45870.8907
29529.83,44808.1062
29363.3139,44945.2291
29291.1048,44676.2316
29413.0818,44965.2268
28413.6222,45450.4144
28383.2891,45244.5078
29461.0058,45083.3281
27895.8292,46028.4287
29764.6921,44893.3273
28097.4355,46026.6367
29647.1253,44767.6656
29588.007,44651.6313
29238.4163,45775.1779
29302.8265,45929.6846
29314.7149,46022.7799
28968.6232,46042.758
28998.1897,46163.9678
28843.2023,46462.2763
29142.5387,44394.3419
29255.0052,44464.5975
29107.1794,44173.7841
29197.6771,44201.2772
27346.9746,45449.3008
28782.6987,44073.5278
28841.6832,44257.3977
28882.336,44065.4057
28917.4786,44546.2792
28931.6439,44600.7404
29086.6991,44661.4096
28940.4724,44825.8894
29850.1522,45576.0125
30049.0899,45166.0749
29956.6805,45246.4831
29856.603,45358.8531
27772.9219,45686.2734
30167.5966,45330.3961
30194.3665,45535.3488
29935.5818,45679.7181
29649.6679,45882.3415
29505.6858,45847.8567
28077.2305,45507.8047
